source,target,distance
VHF_minor_calyx_L_j,VHF_renal_pyramid_L_k,-1
VHF_minor_calyx_L_j,VHF_renal_pyramid_L_c,0.05033350388441257
VHF_minor_calyx_L_j,VHF_renal_papilla_L_d,0.04453793340834609
VHF_minor_calyx_L_j,VHF_major_calyx_L_d,-1
VHF_minor_calyx_L_j,VHF_hilum_of_kidney_L,0.0026597163618629024
VHF_minor_calyx_L_j,VHF_major_calyx_L_b,0.014334908080998927
VHF_minor_calyx_L_j,VHF_renal_papilla_L_e,0.04609978098999282
VHF_minor_calyx_L_j,VHF_kidney_capsule_L,0.013974725113788292
VHF_minor_calyx_L_j,VHF_minor_calyx_L_g,0.012740476512961675
VHF_minor_calyx_L_j,VHF_renal_papilla_L_a,0.05588847422957705
VHF_minor_calyx_L_j,VHF_minor_calyx_L_f,0.015277140513528763
VHF_minor_calyx_L_j,VHF_outer_cortex_of_kidney_L,0.006116407303954163
VHF_minor_calyx_L_j,VHF_minor_calyx_L_h,-1
VHF_minor_calyx_L_j,VHF_minor_calyx_L_e,0.014025102292195961
VHF_minor_calyx_L_j,VHF_renal_papilla_L_g,0.015229016864237903
VHF_minor_calyx_L_j,VHF_renal_pyramid_L_e,0.03864564358242504
VHF_minor_calyx_L_j,VHF_renal_pyramid_L_h,0.013312204348532534
VHF_minor_calyx_L_j,VHF_minor_calyx_L_a,0.05003886828607076
VHF_minor_calyx_L_j,VHF_minor_calyx_L_c,0.04356570606670173
VHF_minor_calyx_L_j,VHF_renal_pyramid_L_g,0.012549362458409418
VHF_minor_calyx_L_j,VHF_renal_papilla_L_h,0.013901874051534304
VHF_minor_calyx_L_j,VHF_minor_calyx_L_d,0.044491811752558515
VHF_minor_calyx_L_j,VHF_renal_papilla_L_k,0.0002598378382677414
VHF_minor_calyx_L_j,VHF_renal_pyramid_L_j,0.005240473654447902
VHF_minor_calyx_L_j,VHF_renal_pyramid_L_f,0.01892952486226683
VHF_minor_calyx_L_j,VHF_renal_papilla_L_f,0.018560722471547116
VHF_minor_calyx_L_j,VHF_minor_calyx_L_b,0.05018788987280193
VHF_minor_calyx_L_j,VHF_renal_papilla_L_b,0.0539665347552213
VHF_minor_calyx_L_j,VHF_renal_papilla_L_i,0.0011515913158375367
VHF_minor_calyx_L_j,VHF_renal_papilla_L_j,0.0028156151976729852
VHF_minor_calyx_L_j,VHF_ureter_L_a,0.019842748281030425
VHF_minor_calyx_L_j,VHF_renal_papilla_L_c,0.050005763838835024
VHF_minor_calyx_L_j,VHF_minor_calyx_L_i,-1
VHF_minor_calyx_L_j,VHF_renal_pyramid_L_b,0.04273839548393901
VHF_minor_calyx_L_j,VHF_renal_pelvis_L,0.012223688096037261
VHF_minor_calyx_L_j,VHF_major_calyx_L_a,0.03336787799276235
VHF_minor_calyx_L_j,VHF_renal_pyramid_L_i,0.001258206361366494
VHF_minor_calyx_L_j,VHF_renal_column_L,0.0003229304662727317
VHF_minor_calyx_L_j,VHF_renal_pyramid_L_d,0.0347768750895506
VHF_minor_calyx_L_j,VHF_major_calyx_L_c,0.00855294115410167
VHF_minor_calyx_L_j,VHF_renal_pyramid_L_a,0.040825193461936624
VHF_renal_pyramid_L_k,VHF_renal_pyramid_L_c,0.06232687994018958
VHF_renal_pyramid_L_k,VHF_renal_papilla_L_d,0.05694153560006498
VHF_renal_pyramid_L_k,VHF_major_calyx_L_d,0.01077879700806919
VHF_renal_pyramid_L_k,VHF_hilum_of_kidney_L,0.005543526639861402
VHF_renal_pyramid_L_k,VHF_major_calyx_L_b,0.025462161700964558
VHF_renal_pyramid_L_k,VHF_renal_papilla_L_e,0.058139112567711586
VHF_renal_pyramid_L_k,VHF_kidney_capsule_L,0.005043284467498991
VHF_renal_pyramid_L_k,VHF_minor_calyx_L_g,0.021159205610806673
VHF_renal_pyramid_L_k,VHF_renal_papilla_L_a,0.0667940462444672
VHF_renal_pyramid_L_k,VHF_minor_calyx_L_f,0.025817433795507952
VHF_renal_pyramid_L_k,VHF_outer_cortex_of_kidney_L,-1
VHF_renal_pyramid_L_k,VHF_minor_calyx_L_h,0.001215814307681558
VHF_renal_pyramid_L_k,VHF_minor_calyx_L_e,0.024892753783766524
VHF_renal_pyramid_L_k,VHF_renal_papilla_L_g,0.026427482872941457
VHF_renal_pyramid_L_k,VHF_renal_pyramid_L_e,0.04810172503768385
VHF_renal_pyramid_L_k,VHF_renal_pyramid_L_h,0.016224632824398545
VHF_renal_pyramid_L_k,VHF_minor_calyx_L_a,0.061536887722019325
VHF_renal_pyramid_L_k,VHF_minor_calyx_L_c,0.056054058417844714
VHF_renal_pyramid_L_k,VHF_renal_pyramid_L_g,0.0172614176979712
VHF_renal_pyramid_L_k,VHF_renal_papilla_L_h,0.02221389891408893
VHF_renal_pyramid_L_k,VHF_minor_calyx_L_d,0.05660444518244688
VHF_renal_pyramid_L_k,VHF_renal_papilla_L_k,-1
VHF_renal_pyramid_L_k,VHF_renal_pyramid_L_j,0.004316268139031123
VHF_renal_pyramid_L_k,VHF_renal_pyramid_L_f,0.028057528050989457
VHF_renal_pyramid_L_k,VHF_renal_papilla_L_f,0.029017351175355595
VHF_renal_pyramid_L_k,VHF_minor_calyx_L_b,0.06167998578770069
VHF_renal_pyramid_L_k,VHF_renal_papilla_L_b,0.06553165479713222
VHF_renal_pyramid_L_k,VHF_renal_papilla_L_i,0.0030814562086527767
VHF_renal_pyramid_L_k,VHF_renal_papilla_L_j,0.0065750758097418574
VHF_renal_pyramid_L_k,VHF_ureter_L_a,0.019931346206613496
VHF_renal_pyramid_L_k,VHF_renal_papilla_L_c,0.06214513002621862
VHF_renal_pyramid_L_k,VHF_minor_calyx_L_i,0.005933058660079881
VHF_renal_pyramid_L_k,VHF_renal_pyramid_L_b,0.05226680578993242
VHF_renal_pyramid_L_k,VHF_renal_pelvis_L,0.01967301589528041
VHF_renal_pyramid_L_k,VHF_major_calyx_L_a,0.0426855183767091
VHF_renal_pyramid_L_k,VHF_renal_pyramid_L_i,0.0024228606846911395
VHF_renal_pyramid_L_k,VHF_renal_column_L,-1
VHF_renal_pyramid_L_k,VHF_renal_pyramid_L_d,0.04497665026344784
VHF_renal_pyramid_L_k,VHF_major_calyx_L_c,0.020246264107316645
VHF_renal_pyramid_L_k,VHF_renal_pyramid_L_a,0.048338317677025545
VHF_renal_pyramid_L_c,VHF_renal_papilla_L_d,0.002822064266078213
VHF_renal_pyramid_L_c,VHF_major_calyx_L_d,0.04180336999197965
VHF_renal_pyramid_L_c,VHF_hilum_of_kidney_L,0.018703777396612963
VHF_renal_pyramid_L_c,VHF_major_calyx_L_b,0.032079537355755805
VHF_renal_pyramid_L_c,VHF_renal_papilla_L_e,0.003912138179749295
VHF_renal_pyramid_L_c,VHF_kidney_capsule_L,0.006143753504184039
VHF_renal_pyramid_L_c,VHF_minor_calyx_L_g,0.036845076075098994
VHF_renal_pyramid_L_c,VHF_renal_papilla_L_a,0.008754011063886525
VHF_renal_pyramid_L_c,VHF_minor_calyx_L_f,0.03245598075937643
VHF_renal_pyramid_L_c,VHF_outer_cortex_of_kidney_L,-1
VHF_renal_pyramid_L_c,VHF_minor_calyx_L_h,0.05058606254103379
VHF_renal_pyramid_L_c,VHF_minor_calyx_L_e,0.027074377097839147
VHF_renal_pyramid_L_c,VHF_renal_papilla_L_g,0.029715536931373927
VHF_renal_pyramid_L_c,VHF_renal_pyramid_L_e,0.0045418846135126985
VHF_renal_pyramid_L_c,VHF_renal_pyramid_L_h,0.039767092193056644
VHF_renal_pyramid_L_c,VHF_minor_calyx_L_a,0.003437213171439183
VHF_renal_pyramid_L_c,VHF_minor_calyx_L_c,0.000404039842186229
VHF_renal_pyramid_L_c,VHF_renal_pyramid_L_g,0.01983053861087545
VHF_renal_pyramid_L_c,VHF_renal_papilla_L_h,0.040097460253312324
VHF_renal_pyramid_L_c,VHF_minor_calyx_L_d,0.002292392064355229
VHF_renal_pyramid_L_c,VHF_renal_papilla_L_k,0.06076315179797037
VHF_renal_pyramid_L_c,VHF_renal_pyramid_L_j,0.04630001534230001
VHF_renal_pyramid_L_c,VHF_renal_pyramid_L_f,0.029510773451911484
VHF_renal_pyramid_L_c,VHF_renal_papilla_L_f,0.03280707088507561
VHF_renal_pyramid_L_c,VHF_minor_calyx_L_b,0.003437213171439183
VHF_renal_pyramid_L_c,VHF_renal_papilla_L_b,0.007122874409133197
VHF_renal_pyramid_L_c,VHF_renal_papilla_L_i,0.055096365099803764
VHF_renal_pyramid_L_c,VHF_renal_papilla_L_j,0.052742641600223225
VHF_renal_pyramid_L_c,VHF_ureter_L_a,0.04649923167411813
VHF_renal_pyramid_L_c,VHF_renal_papilla_L_c,-1
VHF_renal_pyramid_L_c,VHF_minor_calyx_L_i,0.05033350388441257
VHF_renal_pyramid_L_c,VHF_renal_pyramid_L_b,0.005906214228446684
VHF_renal_pyramid_L_c,VHF_renal_pelvis_L,0.024607581437959252
VHF_renal_pyramid_L_c,VHF_major_calyx_L_a,0.0076395635856135605
VHF_renal_pyramid_L_c,VHF_renal_pyramid_L_i,0.051139200618373175
VHF_renal_pyramid_L_c,VHF_renal_column_L,-1
VHF_renal_pyramid_L_c,VHF_renal_pyramid_L_d,0.0020574021086032725
VHF_renal_pyramid_L_c,VHF_major_calyx_L_c,0.036219500740660285
VHF_renal_pyramid_L_c,VHF_renal_pyramid_L_a,0.004568009194994177
VHF_renal_papilla_L_d,VHF_major_calyx_L_d,0.03513111271021784
VHF_renal_papilla_L_d,VHF_hilum_of_kidney_L,0.012258826725865967
VHF_renal_papilla_L_d,VHF_major_calyx_L_b,0.02663181773249896
VHF_renal_papilla_L_d,VHF_renal_papilla_L_e,0.001252311563078038
VHF_renal_papilla_L_d,VHF_kidney_capsule_L,0.018551939488818066
VHF_renal_papilla_L_d,VHF_minor_calyx_L_g,0.030713944847435254
VHF_renal_papilla_L_d,VHF_renal_papilla_L_a,0.01136299882235737
VHF_renal_papilla_L_d,VHF_minor_calyx_L_f,0.026060511508059957
VHF_renal_papilla_L_d,VHF_outer_cortex_of_kidney_L,0.010915191510876675
VHF_renal_papilla_L_d,VHF_minor_calyx_L_h,0.04467347517491995
VHF_renal_papilla_L_d,VHF_minor_calyx_L_e,0.022824892998653864
VHF_renal_papilla_L_d,VHF_renal_papilla_L_g,0.025012177471525558
VHF_renal_papilla_L_d,VHF_renal_pyramid_L_e,0.0020097656862955587
VHF_renal_papilla_L_d,VHF_renal_pyramid_L_h,0.03472847429467345
VHF_renal_papilla_L_d,VHF_minor_calyx_L_a,0.0060069836936918995
VHF_renal_papilla_L_d,VHF_minor_calyx_L_c,0.0007276282790380156
VHF_renal_papilla_L_d,VHF_renal_pyramid_L_g,0.0189278096877819
VHF_renal_papilla_L_d,VHF_renal_papilla_L_h,0.034517160835709756
VHF_renal_papilla_L_d,VHF_minor_calyx_L_d,0.0014091154075211944
VHF_renal_papilla_L_d,VHF_renal_papilla_L_k,0.05511265722272604
VHF_renal_papilla_L_d,VHF_renal_pyramid_L_j,0.04071511057772067
VHF_renal_papilla_L_d,VHF_renal_pyramid_L_f,0.023097257912233722
VHF_renal_papilla_L_d,VHF_renal_papilla_L_f,0.026538084755390812
VHF_renal_papilla_L_d,VHF_minor_calyx_L_b,0.005662429672786397
VHF_renal_papilla_L_d,VHF_renal_papilla_L_b,0.008886515195855078
VHF_renal_papilla_L_d,VHF_renal_papilla_L_i,0.04913178154473229
VHF_renal_papilla_L_d,VHF_renal_papilla_L_j,0.047738375620379976
VHF_renal_papilla_L_d,VHF_ureter_L_a,0.03975480628963983
VHF_renal_papilla_L_d,VHF_renal_papilla_L_c,0.0018295356419425258
VHF_renal_papilla_L_d,VHF_minor_calyx_L_i,0.04453793340834609
VHF_renal_papilla_L_d,VHF_renal_pyramid_L_b,0.00864670886248262
VHF_renal_papilla_L_d,VHF_renal_pelvis_L,0.017630131564845712
VHF_renal_papilla_L_d,VHF_major_calyx_L_a,0.001986037581441432
VHF_renal_papilla_L_d,VHF_renal_pyramid_L_i,0.04412406599283419
VHF_renal_papilla_L_d,VHF_renal_column_L,0.0014706082985974952
VHF_renal_papilla_L_d,VHF_renal_pyramid_L_d,-1
VHF_renal_papilla_L_d,VHF_major_calyx_L_c,0.029616468131875094
VHF_renal_papilla_L_d,VHF_renal_pyramid_L_a,0.012895564569656747
VHF_major_calyx_L_d,VHF_hilum_of_kidney_L,-1
VHF_major_calyx_L_d,VHF_major_calyx_L_b,0.0029530402684439148
VHF_major_calyx_L_d,VHF_renal_papilla_L_e,0.037204006231782646
VHF_major_calyx_L_d,VHF_kidney_capsule_L,0.0037030009435691084
VHF_major_calyx_L_d,VHF_minor_calyx_L_g,0.008694407352927645
VHF_major_calyx_L_d,VHF_renal_papilla_L_a,0.04423888750704994
VHF_major_calyx_L_d,VHF_minor_calyx_L_f,0.009396807929860017
VHF_major_calyx_L_d,VHF_outer_cortex_of_kidney_L,0.011512666093238937
VHF_major_calyx_L_d,VHF_minor_calyx_L_h,-1
VHF_major_calyx_L_d,VHF_minor_calyx_L_e,0.008940507024151074
VHF_major_calyx_L_d,VHF_renal_papilla_L_g,0.011209902486087496
VHF_major_calyx_L_d,VHF_renal_pyramid_L_e,0.031045057244847536
VHF_major_calyx_L_d,VHF_renal_pyramid_L_h,0.01250357757001806
VHF_major_calyx_L_d,VHF_minor_calyx_L_a,0.03909043421714087
VHF_major_calyx_L_d,VHF_minor_calyx_L_c,0.03392195642465993
VHF_major_calyx_L_d,VHF_renal_pyramid_L_g,0.010646513437141883
VHF_major_calyx_L_d,VHF_renal_papilla_L_h,0.012737080556831318
VHF_major_calyx_L_d,VHF_minor_calyx_L_d,0.03552387998657667
VHF_major_calyx_L_d,VHF_renal_papilla_L_k,0.0091865767036559
VHF_major_calyx_L_d,VHF_renal_pyramid_L_j,0.004708107304428684
VHF_major_calyx_L_d,VHF_renal_pyramid_L_f,0.012468660424776984
VHF_major_calyx_L_d,VHF_renal_papilla_L_f,0.013086564999991451
VHF_major_calyx_L_d,VHF_minor_calyx_L_b,0.0391102139786528
VHF_major_calyx_L_d,VHF_renal_papilla_L_b,0.04295027792880647
VHF_major_calyx_L_d,VHF_renal_papilla_L_i,0.004405299983936837
VHF_major_calyx_L_d,VHF_renal_papilla_L_j,0.004065137130693212
VHF_major_calyx_L_d,VHF_ureter_L_a,0.008369143676646306
VHF_major_calyx_L_d,VHF_renal_papilla_L_c,0.040989119413302404
VHF_major_calyx_L_d,VHF_minor_calyx_L_i,-1
VHF_major_calyx_L_d,VHF_renal_pyramid_L_b,0.030616317192024282
VHF_major_calyx_L_d,VHF_renal_pelvis_L,-1
VHF_major_calyx_L_d,VHF_major_calyx_L_a,0.020625875859574774
VHF_major_calyx_L_d,VHF_renal_pyramid_L_i,0.004664534839735219
VHF_major_calyx_L_d,VHF_renal_column_L,-1
VHF_major_calyx_L_d,VHF_renal_pyramid_L_d,0.029404470091954796
VHF_major_calyx_L_d,VHF_major_calyx_L_c,-1
VHF_major_calyx_L_d,VHF_renal_pyramid_L_a,0.028356353779206332
VHF_hilum_of_kidney_L,VHF_major_calyx_L_b,0.0014157565638410548
VHF_hilum_of_kidney_L,VHF_renal_papilla_L_e,0.015731353985483577
VHF_hilum_of_kidney_L,VHF_kidney_capsule_L,-1
VHF_hilum_of_kidney_L,VHF_minor_calyx_L_g,0.0013917394770369632
VHF_hilum_of_kidney_L,VHF_renal_papilla_L_a,0.0168956737266911
VHF_hilum_of_kidney_L,VHF_minor_calyx_L_f,0.0003293750826728972
VHF_hilum_of_kidney_L,VHF_outer_cortex_of_kidney_L,-1
VHF_hilum_of_kidney_L,VHF_minor_calyx_L_h,0.002076302121193277
VHF_hilum_of_kidney_L,VHF_minor_calyx_L_e,-1
VHF_hilum_of_kidney_L,VHF_renal_papilla_L_g,-1
VHF_hilum_of_kidney_L,VHF_renal_pyramid_L_e,0.014076895859078925
VHF_hilum_of_kidney_L,VHF_renal_pyramid_L_h,0.005589381627397205
VHF_hilum_of_kidney_L,VHF_minor_calyx_L_a,0.011878771067593177
VHF_hilum_of_kidney_L,VHF_minor_calyx_L_c,0.01049842653752553
VHF_hilum_of_kidney_L,VHF_renal_pyramid_L_g,-1
VHF_hilum_of_kidney_L,VHF_renal_papilla_L_h,0.005368215822956905
VHF_hilum_of_kidney_L,VHF_minor_calyx_L_d,0.013852964218697942
VHF_hilum_of_kidney_L,VHF_renal_papilla_L_k,0.010357249853942076
VHF_hilum_of_kidney_L,VHF_renal_pyramid_L_j,0.0002052868780175597
VHF_hilum_of_kidney_L,VHF_renal_pyramid_L_f,-1
VHF_hilum_of_kidney_L,VHF_renal_papilla_L_f,0.0014056164373517036
VHF_hilum_of_kidney_L,VHF_minor_calyx_L_b,0.014892350577084101
VHF_hilum_of_kidney_L,VHF_renal_papilla_L_b,0.01800356413028834
VHF_hilum_of_kidney_L,VHF_renal_papilla_L_i,0.00601477514136129
VHF_hilum_of_kidney_L,VHF_renal_papilla_L_j,-1
VHF_hilum_of_kidney_L,VHF_ureter_L_a,0.0033103723438559756
VHF_hilum_of_kidney_L,VHF_renal_papilla_L_c,0.01774328722777134
VHF_hilum_of_kidney_L,VHF_minor_calyx_L_i,0.0001650410537290576
VHF_hilum_of_kidney_L,VHF_renal_pyramid_L_b,0.0017925234499884576
VHF_hilum_of_kidney_L,VHF_renal_pelvis_L,0.001362678172061911
VHF_hilum_of_kidney_L,VHF_major_calyx_L_a,-1
VHF_hilum_of_kidney_L,VHF_renal_pyramid_L_i,0.0031660710821907437
VHF_hilum_of_kidney_L,VHF_renal_column_L,-1
VHF_hilum_of_kidney_L,VHF_renal_pyramid_L_d,0.008043422454772343
VHF_hilum_of_kidney_L,VHF_major_calyx_L_c,-1
VHF_hilum_of_kidney_L,VHF_renal_pyramid_L_a,-1
VHF_major_calyx_L_b,VHF_renal_papilla_L_e,0.028603830404037803
VHF_major_calyx_L_b,VHF_kidney_capsule_L,0.004553410134975919
VHF_major_calyx_L_b,VHF_minor_calyx_L_g,0.00751292438304371
VHF_major_calyx_L_b,VHF_renal_papilla_L_a,0.03810471610956485
VHF_major_calyx_L_b,VHF_minor_calyx_L_f,0.007142806177847729
VHF_major_calyx_L_b,VHF_outer_cortex_of_kidney_L,0.012516577592614434
VHF_major_calyx_L_b,VHF_minor_calyx_L_h,0.014443359732902505
VHF_major_calyx_L_b,VHF_minor_calyx_L_e,-1
VHF_major_calyx_L_b,VHF_renal_papilla_L_g,0.0015856702153711681
VHF_major_calyx_L_b,VHF_renal_pyramid_L_e,0.024623839909207457
VHF_major_calyx_L_b,VHF_renal_pyramid_L_h,0.013373510727380385
VHF_major_calyx_L_b,VHF_minor_calyx_L_a,0.03222880998028877
VHF_major_calyx_L_b,VHF_minor_calyx_L_c,0.02563646291399534
VHF_major_calyx_L_b,VHF_renal_pyramid_L_g,0.00261821983145013
VHF_major_calyx_L_b,VHF_renal_papilla_L_h,0.012859877624712057
VHF_major_calyx_L_b,VHF_minor_calyx_L_d,0.026927911334259164
VHF_major_calyx_L_b,VHF_renal_papilla_L_k,0.02535320847329723
VHF_major_calyx_L_b,VHF_renal_pyramid_L_j,0.011644448158364575
VHF_major_calyx_L_b,VHF_renal_pyramid_L_f,0.011558871692802638
VHF_major_calyx_L_b,VHF_renal_papilla_L_f,0.009814216660712227
VHF_major_calyx_L_b,VHF_minor_calyx_L_b,0.0327029955891268
VHF_major_calyx_L_b,VHF_renal_papilla_L_b,0.03669914268932569
VHF_major_calyx_L_b,VHF_renal_papilla_L_i,0.019853680305324365
VHF_major_calyx_L_b,VHF_renal_papilla_L_j,0.017587015730919097
VHF_major_calyx_L_b,VHF_ureter_L_a,0.011831941959754736
VHF_major_calyx_L_b,VHF_renal_papilla_L_c,0.031726252397641395
VHF_major_calyx_L_b,VHF_minor_calyx_L_i,0.014334908080998927
VHF_major_calyx_L_b,VHF_renal_pyramid_L_b,0.02619108298991493
VHF_major_calyx_L_b,VHF_renal_pelvis_L,-1
VHF_major_calyx_L_b,VHF_major_calyx_L_a,0.014776601954592029
VHF_major_calyx_L_b,VHF_renal_pyramid_L_i,0.01697430933235818
VHF_major_calyx_L_b,VHF_renal_column_L,0.0045504790322711194
VHF_major_calyx_L_b,VHF_renal_pyramid_L_d,0.018827571828692196
VHF_major_calyx_L_b,VHF_major_calyx_L_c,-1
VHF_major_calyx_L_b,VHF_renal_pyramid_L_a,0.023517057331906566
VHF_renal_papilla_L_e,VHF_kidney_capsule_L,0.016077381037545274
VHF_renal_papilla_L_e,VHF_minor_calyx_L_g,0.03146473254512731
VHF_renal_papilla_L_e,VHF_renal_papilla_L_a,0.011782014414170306
VHF_renal_papilla_L_e,VHF_minor_calyx_L_f,0.02630383130623205
VHF_renal_papilla_L_e,VHF_outer_cortex_of_kidney_L,0.007152340800901338
VHF_renal_papilla_L_e,VHF_minor_calyx_L_h,0.04617024131167677
VHF_renal_papilla_L_e,VHF_minor_calyx_L_e,0.02510046207201853
VHF_renal_papilla_L_e,VHF_renal_papilla_L_g,0.026780121780187648
VHF_renal_papilla_L_e,VHF_renal_pyramid_L_e,-1
VHF_renal_papilla_L_e,VHF_renal_pyramid_L_h,0.0349551533755264
VHF_renal_papilla_L_e,VHF_minor_calyx_L_a,0.006913095059376857
VHF_renal_papilla_L_e,VHF_minor_calyx_L_c,0.0009839108384456312
VHF_renal_papilla_L_e,VHF_renal_pyramid_L_g,0.02182323117155464
VHF_renal_papilla_L_e,VHF_renal_papilla_L_h,0.03480390185360289
VHF_renal_papilla_L_e,VHF_minor_calyx_L_d,0.00022203718596357436
VHF_renal_papilla_L_e,VHF_renal_papilla_L_k,0.056308174891790075
VHF_renal_papilla_L_e,VHF_renal_pyramid_L_j,0.04351161390287423
VHF_renal_papilla_L_e,VHF_renal_pyramid_L_f,0.02245968331285219
VHF_renal_papilla_L_e,VHF_renal_papilla_L_f,0.02672561690853399
VHF_renal_papilla_L_e,VHF_minor_calyx_L_b,0.004380141205188755
VHF_renal_papilla_L_e,VHF_renal_papilla_L_b,0.007101480704610934
VHF_renal_papilla_L_e,VHF_renal_papilla_L_i,0.050176114904460424
VHF_renal_papilla_L_e,VHF_renal_papilla_L_j,0.049489423534334255
VHF_renal_papilla_L_e,VHF_ureter_L_a,0.04238885524377733
VHF_renal_papilla_L_e,VHF_renal_papilla_L_c,0.003912138179749295
VHF_renal_papilla_L_e,VHF_minor_calyx_L_i,0.04609978098999282
VHF_renal_papilla_L_e,VHF_renal_pyramid_L_b,0.004771350587791909
VHF_renal_papilla_L_e,VHF_renal_pelvis_L,0.020232398990815935
VHF_renal_papilla_L_e,VHF_major_calyx_L_a,0.004261922531980902
VHF_renal_papilla_L_e,VHF_renal_pyramid_L_i,0.044736716950245295
VHF_renal_papilla_L_e,VHF_renal_column_L,0.00018511981248061827
VHF_renal_papilla_L_e,VHF_renal_pyramid_L_d,0.001428936176722392
VHF_renal_papilla_L_e,VHF_major_calyx_L_c,0.030885274582334796
VHF_renal_papilla_L_e,VHF_renal_pyramid_L_a,0.013182642082114946
VHF_kidney_capsule_L,VHF_minor_calyx_L_g,0.009944918950042606
VHF_kidney_capsule_L,VHF_renal_papilla_L_a,0.016620772344603976
VHF_kidney_capsule_L,VHF_minor_calyx_L_f,0.009178933397376812
VHF_kidney_capsule_L,VHF_outer_cortex_of_kidney_L,-1
VHF_kidney_capsule_L,VHF_minor_calyx_L_h,0.014164512842145698
VHF_kidney_capsule_L,VHF_minor_calyx_L_e,0.007338574729064829
VHF_kidney_capsule_L,VHF_renal_papilla_L_g,0.009098686914808451
VHF_kidney_capsule_L,VHF_renal_pyramid_L_e,0.004721854961893291
VHF_kidney_capsule_L,VHF_renal_pyramid_L_h,0.006893540279013532
VHF_kidney_capsule_L,VHF_minor_calyx_L_a,0.014596681891078914
VHF_kidney_capsule_L,VHF_minor_calyx_L_c,0.016608476187157103
VHF_kidney_capsule_L,VHF_renal_pyramid_L_g,0.005312006428948504
VHF_kidney_capsule_L,VHF_renal_papilla_L_h,0.0159248889434546
VHF_kidney_capsule_L,VHF_minor_calyx_L_d,0.01622120889439077
VHF_kidney_capsule_L,VHF_renal_papilla_L_k,0.015827613000170375
VHF_kidney_capsule_L,VHF_renal_pyramid_L_j,0.0035916976622032684
VHF_kidney_capsule_L,VHF_renal_pyramid_L_f,0.004732380611829533
VHF_kidney_capsule_L,VHF_renal_papilla_L_f,0.010280656688811162
VHF_kidney_capsule_L,VHF_minor_calyx_L_b,0.015229687356890134
VHF_kidney_capsule_L,VHF_renal_papilla_L_b,0.015279933788955914
VHF_kidney_capsule_L,VHF_renal_papilla_L_i,0.018022786520306238
VHF_kidney_capsule_L,VHF_renal_papilla_L_j,0.015789266727121526
VHF_kidney_capsule_L,VHF_ureter_L_a,0.001876319693086794
VHF_kidney_capsule_L,VHF_renal_papilla_L_c,0.01806735706574855
VHF_kidney_capsule_L,VHF_minor_calyx_L_i,0.013438156020054328
VHF_kidney_capsule_L,VHF_renal_pyramid_L_b,0.00485965842756733
VHF_kidney_capsule_L,VHF_renal_pelvis_L,0.0010106642365587965
VHF_kidney_capsule_L,VHF_major_calyx_L_a,0.0010106642365587965
VHF_kidney_capsule_L,VHF_renal_pyramid_L_i,0.004528574384822783
VHF_kidney_capsule_L,VHF_renal_column_L,0.004228109771751014
VHF_kidney_capsule_L,VHF_renal_pyramid_L_d,0.005980022085523365
VHF_kidney_capsule_L,VHF_major_calyx_L_c,0.0039290466260865535
VHF_kidney_capsule_L,VHF_renal_pyramid_L_a,0.004325997518446899
VHF_minor_calyx_L_g,VHF_renal_papilla_L_a,0.04231828240682507
VHF_minor_calyx_L_g,VHF_minor_calyx_L_f,-1
VHF_minor_calyx_L_g,VHF_outer_cortex_of_kidney_L,0.008339688645859369
VHF_minor_calyx_L_g,VHF_minor_calyx_L_h,0.010605071442032293
VHF_minor_calyx_L_g,VHF_minor_calyx_L_e,0.009780365578257098
VHF_minor_calyx_L_g,VHF_renal_papilla_L_g,0.011226885455600223
VHF_minor_calyx_L_g,VHF_renal_pyramid_L_e,0.0205269094322657
VHF_minor_calyx_L_g,VHF_renal_pyramid_L_h,0.00021954593243742258
VHF_minor_calyx_L_g,VHF_minor_calyx_L_a,0.03619929350436053
VHF_minor_calyx_L_g,VHF_minor_calyx_L_c,0.029718441924670408
VHF_minor_calyx_L_g,VHF_renal_pyramid_L_g,0.010525881228518467
VHF_minor_calyx_L_g,VHF_renal_papilla_L_h,0.0006000840406264906
VHF_minor_calyx_L_g,VHF_minor_calyx_L_d,0.030022567532904824
VHF_minor_calyx_L_g,VHF_renal_papilla_L_k,0.019331374003799924
VHF_minor_calyx_L_g,VHF_renal_pyramid_L_j,0.018403509144964275
VHF_minor_calyx_L_g,VHF_renal_pyramid_L_f,0.0011722459134138178
VHF_minor_calyx_L_g,VHF_renal_papilla_L_f,0.0022064634692800763
VHF_minor_calyx_L_g,VHF_minor_calyx_L_b,0.0359138388407448
VHF_minor_calyx_L_g,VHF_renal_papilla_L_b,0.03943345217052257
VHF_minor_calyx_L_g,VHF_renal_papilla_L_i,0.012804233145497184
VHF_minor_calyx_L_g,VHF_renal_papilla_L_j,0.01688968214616549
VHF_minor_calyx_L_g,VHF_ureter_L_a,0.021349130374829658
VHF_minor_calyx_L_g,VHF_renal_papilla_L_c,0.03666259463189631
VHF_minor_calyx_L_g,VHF_minor_calyx_L_i,0.013484638342469088
VHF_minor_calyx_L_g,VHF_renal_pyramid_L_b,0.027714306217152183
VHF_minor_calyx_L_g,VHF_renal_pelvis_L,0.011159980273353113
VHF_minor_calyx_L_g,VHF_major_calyx_L_a,0.02312767245185889
VHF_minor_calyx_L_g,VHF_renal_pyramid_L_i,0.011405652342906731
VHF_minor_calyx_L_g,VHF_renal_column_L,-1
VHF_minor_calyx_L_g,VHF_renal_pyramid_L_d,0.02088556903367702
VHF_minor_calyx_L_g,VHF_major_calyx_L_c,-1
VHF_minor_calyx_L_g,VHF_renal_pyramid_L_a,0.033732893520141194
VHF_renal_papilla_L_a,VHF_minor_calyx_L_f,0.036778760326413244
VHF_renal_papilla_L_a,VHF_outer_cortex_of_kidney_L,0.008139483808140467
VHF_renal_papilla_L_a,VHF_minor_calyx_L_h,0.05593848311126286
VHF_renal_papilla_L_a,VHF_minor_calyx_L_e,0.034977034879066365
VHF_renal_papilla_L_a,VHF_renal_papilla_L_g,0.03748628449041247
VHF_renal_papilla_L_a,VHF_renal_pyramid_L_e,0.01200623952478801
VHF_renal_papilla_L_a,VHF_renal_pyramid_L_h,0.04726070868061735
VHF_renal_papilla_L_a,VHF_minor_calyx_L_a,0.00033734658895575144
VHF_renal_papilla_L_a,VHF_minor_calyx_L_c,0.005480873759467347
VHF_renal_papilla_L_a,VHF_renal_pyramid_L_g,0.028906972842314072
VHF_renal_papilla_L_a,VHF_renal_papilla_L_h,0.046722701959771844
VHF_renal_papilla_L_a,VHF_minor_calyx_L_d,0.006669213499155105
VHF_renal_papilla_L_a,VHF_renal_papilla_L_k,0.06664274356975741
VHF_renal_papilla_L_a,VHF_renal_pyramid_L_j,0.0503528300996458
VHF_renal_papilla_L_a,VHF_renal_pyramid_L_f,0.028351128182474167
VHF_renal_papilla_L_a,VHF_renal_papilla_L_f,0.03782775489257514
VHF_renal_papilla_L_a,VHF_minor_calyx_L_b,0.0008850098542223242
VHF_renal_papilla_L_a,VHF_renal_papilla_L_b,0.0017354968204088806
VHF_renal_papilla_L_a,VHF_renal_papilla_L_i,0.06045147834903629
VHF_renal_papilla_L_a,VHF_renal_papilla_L_j,0.05939023475498128
VHF_renal_papilla_L_a,VHF_ureter_L_a,0.045769609973814844
VHF_renal_papilla_L_a,VHF_renal_papilla_L_c,0.00965910150609913
VHF_renal_papilla_L_a,VHF_minor_calyx_L_i,0.05588847422957705
VHF_renal_papilla_L_a,VHF_renal_pyramid_L_b,0.0015542313325071354
VHF_renal_papilla_L_a,VHF_renal_pelvis_L,0.02312151700950142
VHF_renal_papilla_L_a,VHF_major_calyx_L_a,0.005364881513449876
VHF_renal_papilla_L_a,VHF_renal_pyramid_L_i,0.05301101490703102
VHF_renal_papilla_L_a,VHF_renal_column_L,0.0009019486618045562
VHF_renal_papilla_L_a,VHF_renal_pyramid_L_d,0.011961385452874708
VHF_renal_papilla_L_a,VHF_major_calyx_L_c,0.03978662606969847
VHF_renal_papilla_L_a,VHF_renal_pyramid_L_a,-1
VHF_minor_calyx_L_f,VHF_outer_cortex_of_kidney_L,0.008579551980830158
VHF_minor_calyx_L_f,VHF_minor_calyx_L_h,0.014448554566682674
VHF_minor_calyx_L_f,VHF_minor_calyx_L_e,0.009988442236143957
VHF_minor_calyx_L_f,VHF_renal_papilla_L_g,0.011464191738567227
VHF_minor_calyx_L_f,VHF_renal_pyramid_L_e,0.015033794894407183
VHF_minor_calyx_L_f,VHF_renal_pyramid_L_h,0.0013147379399662906
VHF_minor_calyx_L_f,VHF_minor_calyx_L_a,0.030775579893962946
VHF_minor_calyx_L_f,VHF_minor_calyx_L_c,0.02499609858437284
VHF_minor_calyx_L_f,VHF_renal_pyramid_L_g,0.010796070830219771
VHF_minor_calyx_L_f,VHF_renal_papilla_L_h,0.0013147379399662906
VHF_minor_calyx_L_f,VHF_minor_calyx_L_d,0.025086839768070916
VHF_minor_calyx_L_f,VHF_renal_papilla_L_k,0.023778579463051473
VHF_minor_calyx_L_f,VHF_renal_pyramid_L_j,0.02107516019781508
VHF_minor_calyx_L_f,VHF_renal_pyramid_L_f,-1
VHF_minor_calyx_L_f,VHF_renal_papilla_L_f,0.00033610911415999376
VHF_minor_calyx_L_f,VHF_minor_calyx_L_b,0.03034767951032214
VHF_minor_calyx_L_f,VHF_renal_papilla_L_b,0.033459457288032284
VHF_minor_calyx_L_f,VHF_renal_papilla_L_i,0.016812657152461066
VHF_minor_calyx_L_f,VHF_renal_papilla_L_j,0.02060276029776218
VHF_minor_calyx_L_f,VHF_ureter_L_a,0.021174760515502208
VHF_minor_calyx_L_f,VHF_renal_papilla_L_c,0.032243540740078465
VHF_minor_calyx_L_f,VHF_minor_calyx_L_i,0.015913155991643176
VHF_minor_calyx_L_f,VHF_renal_pyramid_L_b,0.019709589217195032
VHF_minor_calyx_L_f,VHF_renal_pelvis_L,0.01021198681064085
VHF_minor_calyx_L_f,VHF_major_calyx_L_a,0.02012297847339928
VHF_minor_calyx_L_f,VHF_renal_pyramid_L_i,0.012717056587694462
VHF_minor_calyx_L_f,VHF_renal_column_L,-1
VHF_minor_calyx_L_f,VHF_renal_pyramid_L_d,0.017563283959749158
VHF_minor_calyx_L_f,VHF_major_calyx_L_c,-1
VHF_minor_calyx_L_f,VHF_renal_pyramid_L_a,0.031490964267335116
VHF_outer_cortex_of_kidney_L,VHF_minor_calyx_L_h,0.006400126298036771
VHF_outer_cortex_of_kidney_L,VHF_minor_calyx_L_e,0.010484328720136972
VHF_outer_cortex_of_kidney_L,VHF_renal_papilla_L_g,0.011988524079594198
VHF_outer_cortex_of_kidney_L,VHF_renal_pyramid_L_e,-1
VHF_outer_cortex_of_kidney_L,VHF_renal_pyramid_L_h,-1
VHF_outer_cortex_of_kidney_L,VHF_minor_calyx_L_a,0.0056331880135087956
VHF_outer_cortex_of_kidney_L,VHF_minor_calyx_L_c,0.007524888041730508
VHF_outer_cortex_of_kidney_L,VHF_renal_pyramid_L_g,-1
VHF_outer_cortex_of_kidney_L,VHF_renal_papilla_L_h,0.009861566838927452
VHF_outer_cortex_of_kidney_L,VHF_minor_calyx_L_d,0.007296022984320518
VHF_outer_cortex_of_kidney_L,VHF_renal_papilla_L_k,0.006864831723304533
VHF_outer_cortex_of_kidney_L,VHF_renal_pyramid_L_j,-1
VHF_outer_cortex_of_kidney_L,VHF_renal_pyramid_L_f,-1
VHF_outer_cortex_of_kidney_L,VHF_renal_papilla_L_f,0.010696150361155227
VHF_outer_cortex_of_kidney_L,VHF_minor_calyx_L_b,0.006854990642882407
VHF_outer_cortex_of_kidney_L,VHF_renal_papilla_L_b,0.00715858541116822
VHF_outer_cortex_of_kidney_L,VHF_renal_papilla_L_i,0.00903545352749251
VHF_outer_cortex_of_kidney_L,VHF_renal_papilla_L_j,0.009260287146288423
VHF_outer_cortex_of_kidney_L,VHF_ureter_L_a,0.005048507871713479
VHF_outer_cortex_of_kidney_L,VHF_renal_papilla_L_c,0.009071019448045562
VHF_outer_cortex_of_kidney_L,VHF_minor_calyx_L_i,0.009446684923629135
VHF_outer_cortex_of_kidney_L,VHF_renal_pyramid_L_b,-1
VHF_outer_cortex_of_kidney_L,VHF_renal_pelvis_L,0.007804860405821288
VHF_outer_cortex_of_kidney_L,VHF_major_calyx_L_a,0.009634915159420901
VHF_outer_cortex_of_kidney_L,VHF_renal_pyramid_L_i,-1
VHF_outer_cortex_of_kidney_L,VHF_renal_column_L,-1
VHF_outer_cortex_of_kidney_L,VHF_renal_pyramid_L_d,-1
VHF_outer_cortex_of_kidney_L,VHF_major_calyx_L_c,0.012056026868960679
VHF_outer_cortex_of_kidney_L,VHF_renal_pyramid_L_a,-1
VHF_minor_calyx_L_h,VHF_minor_calyx_L_e,0.014750981268520261
VHF_minor_calyx_L_h,VHF_renal_papilla_L_g,0.015896846714399445
VHF_minor_calyx_L_h,VHF_renal_pyramid_L_e,0.03703219611782491
VHF_minor_calyx_L_h,VHF_renal_pyramid_L_h,0.007989499768320444
VHF_minor_calyx_L_h,VHF_minor_calyx_L_a,0.05015804669562438
VHF_minor_calyx_L_h,VHF_minor_calyx_L_c,0.04370730807033599
VHF_minor_calyx_L_h,VHF_renal_pyramid_L_g,0.01314162992166565
VHF_minor_calyx_L_h,VHF_renal_papilla_L_h,0.011695393575513368
VHF_minor_calyx_L_h,VHF_minor_calyx_L_d,0.044574910212179845
VHF_minor_calyx_L_h,VHF_renal_papilla_L_k,0.0008499940664870067
VHF_minor_calyx_L_h,VHF_renal_pyramid_L_j,0.00647980998419007
VHF_minor_calyx_L_h,VHF_renal_pyramid_L_f,0.01721253429091929
VHF_minor_calyx_L_h,VHF_renal_papilla_L_f,0.017778926455645064
VHF_minor_calyx_L_h,VHF_minor_calyx_L_b,0.05020647530344006
VHF_minor_calyx_L_h,VHF_renal_papilla_L_b,0.05395623681889009
VHF_minor_calyx_L_h,VHF_renal_papilla_L_i,0.0006567444423547475
VHF_minor_calyx_L_h,VHF_renal_papilla_L_j,0.004074340292890844
VHF_minor_calyx_L_h,VHF_ureter_L_a,0.019842748281030425
VHF_minor_calyx_L_h,VHF_renal_papilla_L_c,0.050247792937029793
VHF_minor_calyx_L_h,VHF_minor_calyx_L_i,0.0010595423055899725
VHF_minor_calyx_L_h,VHF_renal_pyramid_L_b,0.042362807841358555
VHF_minor_calyx_L_h,VHF_renal_pelvis_L,0.012214473069180921
VHF_minor_calyx_L_h,VHF_major_calyx_L_a,0.03343677304438874
VHF_minor_calyx_L_h,VHF_renal_pyramid_L_i,-1
VHF_minor_calyx_L_h,VHF_renal_column_L,-1
VHF_minor_calyx_L_h,VHF_renal_pyramid_L_d,0.03491913941760186
VHF_minor_calyx_L_h,VHF_major_calyx_L_c,0.008501824622676898
VHF_minor_calyx_L_h,VHF_renal_pyramid_L_a,0.041141410324907056
VHF_minor_calyx_L_e,VHF_renal_papilla_L_g,0.00034556691990988444
VHF_minor_calyx_L_e,VHF_renal_pyramid_L_e,0.022105069296359147
VHF_minor_calyx_L_e,VHF_renal_pyramid_L_h,0.011152881251457317
VHF_minor_calyx_L_e,VHF_minor_calyx_L_a,0.028735816766088607
VHF_minor_calyx_L_e,VHF_minor_calyx_L_c,0.021906454169947073
VHF_minor_calyx_L_e,VHF_renal_pyramid_L_g,-1
VHF_minor_calyx_L_e,VHF_renal_papilla_L_h,0.012068863601755339
VHF_minor_calyx_L_e,VHF_minor_calyx_L_d,0.023423215011049405
VHF_minor_calyx_L_e,VHF_renal_papilla_L_k,0.024054926744196604
VHF_minor_calyx_L_e,VHF_renal_pyramid_L_j,0.008867696605464635
VHF_minor_calyx_L_e,VHF_renal_pyramid_L_f,0.011010867090289712
VHF_minor_calyx_L_e,VHF_renal_papilla_L_f,0.011884087197494465
VHF_minor_calyx_L_e,VHF_minor_calyx_L_b,0.029792228435956365
VHF_minor_calyx_L_e,VHF_renal_papilla_L_b,0.03385486196054845
VHF_minor_calyx_L_e,VHF_renal_papilla_L_i,0.020003455932982812
VHF_minor_calyx_L_e,VHF_renal_papilla_L_j,0.014239134183928692
VHF_minor_calyx_L_e,VHF_ureter_L_a,0.019820568600857322
VHF_minor_calyx_L_e,VHF_renal_papilla_L_c,0.026848158879357046
VHF_minor_calyx_L_e,VHF_minor_calyx_L_i,0.013455847381855113
VHF_minor_calyx_L_e,VHF_renal_pyramid_L_b,0.02847540878436809
VHF_minor_calyx_L_e,VHF_renal_pelvis_L,0.007948127968113205
VHF_minor_calyx_L_e,VHF_major_calyx_L_a,0.017196879086893695
VHF_minor_calyx_L_e,VHF_renal_pyramid_L_i,0.020171628114581484
VHF_minor_calyx_L_e,VHF_renal_column_L,-1
VHF_minor_calyx_L_e,VHF_renal_pyramid_L_d,0.014116331037866888
VHF_minor_calyx_L_e,VHF_major_calyx_L_c,0.005077045352587778
VHF_minor_calyx_L_e,VHF_renal_pyramid_L_a,0.022640979854947813
VHF_renal_papilla_L_g,VHF_renal_pyramid_L_e,0.023172941080557143
VHF_renal_papilla_L_g,VHF_renal_pyramid_L_h,0.012479997305186358
VHF_renal_papilla_L_g,VHF_minor_calyx_L_a,0.03131080585795864
VHF_renal_papilla_L_g,VHF_minor_calyx_L_c,0.024140826029300892
VHF_renal_papilla_L_g,VHF_renal_pyramid_L_g,-1
VHF_renal_papilla_L_g,VHF_renal_papilla_L_h,0.013241075220323166
VHF_renal_papilla_L_g,VHF_minor_calyx_L_d,0.025132928533036544
VHF_renal_papilla_L_g,VHF_renal_papilla_L_k,0.02543669262388
VHF_renal_papilla_L_g,VHF_renal_pyramid_L_j,0.011041981876896183
VHF_renal_papilla_L_g,VHF_renal_pyramid_L_f,0.012017647428923242
VHF_renal_papilla_L_g,VHF_renal_papilla_L_f,0.012742384321418571
VHF_renal_papilla_L_g,VHF_minor_calyx_L_b,0.03183970342916683
VHF_renal_papilla_L_g,VHF_renal_papilla_L_b,0.03580098611746004
VHF_renal_papilla_L_g,VHF_renal_papilla_L_i,0.021155200966033152
VHF_renal_papilla_L_g,VHF_renal_papilla_L_j,0.015955268880819537
VHF_renal_papilla_L_g,VHF_ureter_L_a,0.02188603894918636
VHF_renal_papilla_L_g,VHF_renal_papilla_L_c,0.029513956265370893
VHF_renal_papilla_L_g,VHF_minor_calyx_L_i,0.014999381232850594
VHF_renal_papilla_L_g,VHF_renal_pyramid_L_b,0.029459751785704077
VHF_renal_papilla_L_g,VHF_renal_pelvis_L,0.010133546611967614
VHF_renal_papilla_L_g,VHF_major_calyx_L_a,0.01911270780826539
VHF_renal_papilla_L_g,VHF_renal_pyramid_L_i,0.02156043732846978
VHF_renal_papilla_L_g,VHF_renal_column_L,0.00042533400340138397
VHF_renal_papilla_L_g,VHF_renal_pyramid_L_d,0.015271482657751256
VHF_renal_papilla_L_g,VHF_major_calyx_L_c,0.007135367448018433
VHF_renal_papilla_L_g,VHF_renal_pyramid_L_a,0.025936712798712763
VHF_renal_pyramid_L_e,VHF_renal_pyramid_L_h,0.020975298376614816
VHF_renal_pyramid_L_e,VHF_minor_calyx_L_a,0.0070699219403668545
VHF_renal_pyramid_L_e,VHF_minor_calyx_L_c,0.001155671807751999
VHF_renal_pyramid_L_e,VHF_renal_pyramid_L_g,0.01682138308391676
VHF_renal_pyramid_L_e,VHF_renal_papilla_L_h,0.02216722366979929
VHF_renal_pyramid_L_e,VHF_minor_calyx_L_d,-1
VHF_renal_pyramid_L_e,VHF_renal_papilla_L_k,0.04641600791120291
VHF_renal_pyramid_L_e,VHF_renal_pyramid_L_j,0.040012250986382156
VHF_renal_pyramid_L_e,VHF_renal_pyramid_L_f,0.00623179521025803
VHF_renal_pyramid_L_e,VHF_renal_papilla_L_f,0.015546654534813614
VHF_renal_pyramid_L_e,VHF_minor_calyx_L_b,0.004604894008066127
VHF_renal_pyramid_L_e,VHF_renal_papilla_L_b,0.007101480704610934
VHF_renal_pyramid_L_e,VHF_renal_papilla_L_i,0.039652986517821814
VHF_renal_pyramid_L_e,VHF_renal_papilla_L_j,0.043136865093383936
VHF_renal_pyramid_L_e,VHF_ureter_L_a,0.037766725772639675
VHF_renal_pyramid_L_e,VHF_renal_papilla_L_c,0.004783044412371315
VHF_renal_pyramid_L_e,VHF_minor_calyx_L_i,0.03907345332195012
VHF_renal_pyramid_L_e,VHF_renal_pyramid_L_b,0.003984824972148419
VHF_renal_pyramid_L_e,VHF_renal_pelvis_L,0.018881574105593588
VHF_renal_pyramid_L_e,VHF_major_calyx_L_a,0.004326321796238933
VHF_renal_pyramid_L_e,VHF_renal_pyramid_L_i,0.03202717773581072
VHF_renal_pyramid_L_e,VHF_renal_column_L,-1
VHF_renal_pyramid_L_e,VHF_renal_pyramid_L_d,0.0020097656862955587
VHF_renal_pyramid_L_e,VHF_major_calyx_L_c,0.021899071850020015
VHF_renal_pyramid_L_e,VHF_renal_pyramid_L_a,0.013316667283313441
VHF_renal_pyramid_L_h,VHF_minor_calyx_L_a,0.04098081117682071
VHF_renal_pyramid_L_h,VHF_minor_calyx_L_c,0.03362716847267679
VHF_renal_pyramid_L_h,VHF_renal_pyramid_L_g,0.006004043735493979
VHF_renal_pyramid_L_h,VHF_renal_papilla_L_h,-1
VHF_renal_pyramid_L_h,VHF_minor_calyx_L_d,0.033632389662906444
VHF_renal_pyramid_L_h,VHF_renal_papilla_L_k,0.016890967585374263
VHF_renal_pyramid_L_h,VHF_renal_pyramid_L_j,0.01678107360085973
VHF_renal_pyramid_L_h,VHF_renal_pyramid_L_f,0.0025880388445777363
VHF_renal_pyramid_L_h,VHF_renal_papilla_L_f,0.005222999276905974
VHF_renal_pyramid_L_h,VHF_minor_calyx_L_b,0.04047556088363495
VHF_renal_pyramid_L_h,VHF_renal_papilla_L_b,0.04381595461291755
VHF_renal_pyramid_L_h,VHF_renal_papilla_L_i,0.011088005895971864
VHF_renal_pyramid_L_h,VHF_renal_papilla_L_j,0.016457684783194402
VHF_renal_pyramid_L_h,VHF_ureter_L_a,0.02686795341891546
VHF_renal_pyramid_L_h,VHF_renal_papilla_L_c,0.039767092193056644
VHF_renal_pyramid_L_h,VHF_minor_calyx_L_i,0.014033131244567247
VHF_renal_pyramid_L_h,VHF_renal_pyramid_L_b,0.031641891540808736
VHF_renal_pyramid_L_h,VHF_renal_pelvis_L,0.017398497139037447
VHF_renal_pyramid_L_h,VHF_major_calyx_L_a,0.030057686476444464
VHF_renal_pyramid_L_h,VHF_renal_pyramid_L_i,0.0032187209822613846
VHF_renal_pyramid_L_h,VHF_renal_column_L,-1
VHF_renal_pyramid_L_h,VHF_renal_pyramid_L_d,0.019207577834269653
VHF_renal_pyramid_L_h,VHF_major_calyx_L_c,0.006179115193385556
VHF_renal_pyramid_L_h,VHF_renal_pyramid_L_a,0.04043666322291301
VHF_minor_calyx_L_a,VHF_minor_calyx_L_c,-1
VHF_minor_calyx_L_a,VHF_renal_pyramid_L_g,0.023477147125491375
VHF_minor_calyx_L_a,VHF_renal_papilla_L_h,0.04047626744191051
VHF_minor_calyx_L_a,VHF_minor_calyx_L_d,0.0009619378388258684
VHF_minor_calyx_L_a,VHF_renal_papilla_L_k,0.06083132573038484
VHF_minor_calyx_L_a,VHF_renal_pyramid_L_j,0.04457234551381352
VHF_minor_calyx_L_a,VHF_renal_pyramid_L_f,0.023589638928266224
VHF_minor_calyx_L_a,VHF_renal_papilla_L_f,0.031740241851265734
VHF_minor_calyx_L_a,VHF_minor_calyx_L_b,-1
VHF_minor_calyx_L_a,VHF_renal_papilla_L_b,0.0014838883593799488
VHF_minor_calyx_L_a,VHF_renal_papilla_L_i,0.05457415230531648
VHF_minor_calyx_L_a,VHF_renal_papilla_L_j,0.05335643492847949
VHF_minor_calyx_L_a,VHF_ureter_L_a,0.041311186772161085
VHF_minor_calyx_L_a,VHF_renal_papilla_L_c,0.0036755378909663185
VHF_minor_calyx_L_a,VHF_minor_calyx_L_i,0.05003886828607076
VHF_minor_calyx_L_a,VHF_renal_pyramid_L_b,0.000589172834608795
VHF_minor_calyx_L_a,VHF_renal_pelvis_L,0.018424354578751526
VHF_minor_calyx_L_a,VHF_major_calyx_L_a,-1
VHF_minor_calyx_L_a,VHF_renal_pyramid_L_i,0.04751644177246517
VHF_minor_calyx_L_a,VHF_renal_column_L,-1
VHF_minor_calyx_L_a,VHF_renal_pyramid_L_d,0.006456663000997473
VHF_minor_calyx_L_a,VHF_major_calyx_L_c,0.03437342726441789
VHF_minor_calyx_L_a,VHF_renal_pyramid_L_a,-1
VHF_minor_calyx_L_c,VHF_renal_pyramid_L_g,0.017601388450129516
VHF_minor_calyx_L_c,VHF_renal_papilla_L_h,0.03344389879744611
VHF_minor_calyx_L_c,VHF_minor_calyx_L_d,-1
VHF_minor_calyx_L_c,VHF_renal_papilla_L_k,0.054193056692862375
VHF_minor_calyx_L_c,VHF_renal_pyramid_L_j,0.03948284805505143
VHF_minor_calyx_L_c,VHF_renal_pyramid_L_f,0.02177874867309386
VHF_minor_calyx_L_c,VHF_renal_papilla_L_f,0.02547200841213225
VHF_minor_calyx_L_c,VHF_minor_calyx_L_b,-1
VHF_minor_calyx_L_c,VHF_renal_papilla_L_b,0.003619847738606719
VHF_minor_calyx_L_c,VHF_renal_papilla_L_i,0.048184193212883586
VHF_minor_calyx_L_c,VHF_renal_papilla_L_j,0.04678617313108615
VHF_minor_calyx_L_c,VHF_ureter_L_a,0.03808420364468255
VHF_minor_calyx_L_c,VHF_renal_papilla_L_c,0.000404039842186229
VHF_minor_calyx_L_c,VHF_minor_calyx_L_i,0.04356570606670173
VHF_minor_calyx_L_c,VHF_renal_pyramid_L_b,0.0037826374271268414
VHF_minor_calyx_L_c,VHF_renal_pelvis_L,0.01567354977009153
VHF_minor_calyx_L_c,VHF_major_calyx_L_a,-1
VHF_minor_calyx_L_c,VHF_renal_pyramid_L_i,0.04302435366644059
VHF_minor_calyx_L_c,VHF_renal_column_L,-1
VHF_minor_calyx_L_c,VHF_renal_pyramid_L_d,0.0002475783875335207
VHF_minor_calyx_L_c,VHF_major_calyx_L_c,0.02853249717019893
VHF_minor_calyx_L_c,VHF_renal_pyramid_L_a,0.006702450468859901
VHF_renal_pyramid_L_g,VHF_renal_papilla_L_h,0.011923797423549747
VHF_renal_pyramid_L_g,VHF_minor_calyx_L_d,0.02019307441242494
VHF_renal_pyramid_L_g,VHF_renal_papilla_L_k,0.01804500607239672
VHF_renal_pyramid_L_g,VHF_renal_pyramid_L_j,0.004996732570986913
VHF_renal_pyramid_L_g,VHF_renal_pyramid_L_f,0.006432824193969391
VHF_renal_pyramid_L_g,VHF_renal_papilla_L_f,0.011592884746470347
VHF_renal_pyramid_L_g,VHF_minor_calyx_L_b,0.02594616362563561
VHF_renal_pyramid_L_g,VHF_renal_papilla_L_b,0.02952935634310302
VHF_renal_pyramid_L_g,VHF_renal_papilla_L_i,0.014687169924394549
VHF_renal_pyramid_L_g,VHF_renal_papilla_L_j,0.01091747441586692
VHF_renal_pyramid_L_g,VHF_ureter_L_a,0.015890037766432403
VHF_renal_pyramid_L_g,VHF_renal_papilla_L_c,0.01983053861087545
VHF_renal_pyramid_L_g,VHF_minor_calyx_L_i,0.010336570991267557
VHF_renal_pyramid_L_g,VHF_renal_pyramid_L_b,0.028552895479160827
VHF_renal_pyramid_L_g,VHF_renal_pelvis_L,0.010136153362393818
VHF_renal_pyramid_L_g,VHF_major_calyx_L_a,0.013633748236293411
VHF_renal_pyramid_L_g,VHF_renal_pyramid_L_i,0.008605615432809934
VHF_renal_pyramid_L_g,VHF_renal_column_L,-1
VHF_renal_pyramid_L_g,VHF_renal_pyramid_L_d,0.005479715486952392
VHF_renal_pyramid_L_g,VHF_major_calyx_L_c,0.008513871630220582
VHF_renal_pyramid_L_g,VHF_renal_pyramid_L_a,0.01104756104519596
VHF_renal_papilla_L_h,VHF_minor_calyx_L_d,0.033515327860619774
VHF_renal_papilla_L_h,VHF_renal_papilla_L_k,0.02040959130235366
VHF_renal_papilla_L_h,VHF_renal_pyramid_L_j,0.019400053526734875
VHF_renal_papilla_L_h,VHF_renal_pyramid_L_f,0.0028894359995378267
VHF_renal_papilla_L_h,VHF_renal_papilla_L_f,0.0041171562361721524
VHF_renal_papilla_L_h,VHF_minor_calyx_L_b,0.04002439694777092
VHF_renal_papilla_L_h,VHF_renal_papilla_L_b,0.04338895027845206
VHF_renal_papilla_L_h,VHF_renal_papilla_L_i,0.013885317052824144
VHF_renal_papilla_L_h,VHF_renal_papilla_L_j,0.01794558019306526
VHF_renal_papilla_L_h,VHF_ureter_L_a,0.026689775703254804
VHF_renal_papilla_L_h,VHF_renal_papilla_L_c,0.040097460253312324
VHF_renal_papilla_L_h,VHF_minor_calyx_L_i,0.014585077193362004
VHF_renal_papilla_L_h,VHF_renal_pyramid_L_b,0.03105273234585704
VHF_renal_papilla_L_h,VHF_renal_pelvis_L,0.016975150609029953
VHF_renal_papilla_L_h,VHF_major_calyx_L_a,0.028939019617872434
VHF_renal_papilla_L_h,VHF_renal_pyramid_L_i,0.012702745085138066
VHF_renal_papilla_L_h,VHF_renal_column_L,0.0007152096436660188
VHF_renal_papilla_L_h,VHF_renal_pyramid_L_d,0.022269940209152857
VHF_renal_papilla_L_h,VHF_major_calyx_L_c,0.00524747421641273
VHF_renal_papilla_L_h,VHF_renal_pyramid_L_a,0.039552104200035465
VHF_minor_calyx_L_d,VHF_renal_papilla_L_k,0.05477365591158118
VHF_minor_calyx_L_d,VHF_renal_pyramid_L_j,0.041759247029970074
VHF_minor_calyx_L_d,VHF_renal_pyramid_L_f,0.021597089708715822
VHF_minor_calyx_L_d,VHF_renal_papilla_L_f,0.025490270757583724
VHF_minor_calyx_L_d,VHF_minor_calyx_L_b,-1
VHF_minor_calyx_L_d,VHF_renal_papilla_L_b,0.003164821053577641
VHF_minor_calyx_L_d,VHF_renal_papilla_L_i,0.04867664743249545
VHF_minor_calyx_L_d,VHF_renal_papilla_L_j,0.04785812028088208
VHF_minor_calyx_L_d,VHF_ureter_L_a,0.04060590884490454
VHF_minor_calyx_L_d,VHF_renal_papilla_L_c,0.0024877625121269864
VHF_minor_calyx_L_d,VHF_minor_calyx_L_i,0.044491811752558515
VHF_minor_calyx_L_d,VHF_renal_pyramid_L_b,0.0031415357039507267
VHF_minor_calyx_L_d,VHF_renal_pelvis_L,0.017851226394548295
VHF_minor_calyx_L_d,VHF_major_calyx_L_a,-1
VHF_minor_calyx_L_d,VHF_renal_pyramid_L_i,0.04346594287928164
VHF_minor_calyx_L_d,VHF_renal_column_L,-1
VHF_minor_calyx_L_d,VHF_renal_pyramid_L_d,0.0009509831792902332
VHF_minor_calyx_L_d,VHF_major_calyx_L_c,0.029480943309548834
VHF_minor_calyx_L_d,VHF_renal_pyramid_L_a,0.007623149182358266
VHF_renal_papilla_L_k,VHF_renal_pyramid_L_j,0.006106278866786702
VHF_renal_papilla_L_k,VHF_renal_pyramid_L_f,0.026819449936667517
VHF_renal_papilla_L_k,VHF_renal_papilla_L_f,0.026850304804309597
VHF_renal_papilla_L_k,VHF_minor_calyx_L_b,0.06073164546455748
VHF_renal_papilla_L_k,VHF_renal_papilla_L_b,0.06442425985509904
VHF_renal_papilla_L_k,VHF_renal_papilla_L_i,0.001632101184785012
VHF_renal_papilla_L_k,VHF_renal_papilla_L_j,0.006514400332210237
VHF_renal_papilla_L_k,VHF_ureter_L_a,0.028530847209277756
VHF_renal_papilla_L_k,VHF_renal_papilla_L_c,0.06054966148595965
VHF_renal_papilla_L_k,VHF_minor_calyx_L_i,0.005325124319877031
VHF_renal_papilla_L_k,VHF_renal_pyramid_L_b,0.05238873389945605
VHF_renal_papilla_L_k,VHF_renal_pelvis_L,0.022180651868865784
VHF_renal_papilla_L_k,VHF_major_calyx_L_a,0.044280399794262085
VHF_renal_papilla_L_k,VHF_renal_pyramid_L_i,0.001632101184785012
VHF_renal_papilla_L_k,VHF_renal_column_L,0.0009071512599127056
VHF_renal_papilla_L_k,VHF_renal_pyramid_L_d,0.04388746812979465
VHF_renal_papilla_L_k,VHF_major_calyx_L_c,0.01916508049500084
VHF_renal_papilla_L_k,VHF_renal_pyramid_L_a,0.051796938501282266
VHF_renal_pyramid_L_j,VHF_renal_pyramid_L_f,0.024251742004812567
VHF_renal_pyramid_L_j,VHF_renal_papilla_L_f,0.02412937931342161
VHF_renal_pyramid_L_j,VHF_minor_calyx_L_b,0.04571638741277003
VHF_renal_pyramid_L_j,VHF_renal_papilla_L_b,0.050036259197442715
VHF_renal_pyramid_L_j,VHF_renal_papilla_L_i,0.007573645025134455
VHF_renal_pyramid_L_j,VHF_renal_papilla_L_j,-1
VHF_renal_pyramid_L_j,VHF_ureter_L_a,0.010038290250645784
VHF_renal_pyramid_L_j,VHF_renal_papilla_L_c,0.04577437236357288
VHF_renal_pyramid_L_j,VHF_minor_calyx_L_i,0.0002483523390098216
VHF_renal_pyramid_L_j,VHF_renal_pyramid_L_b,0.04135481507520848
VHF_renal_pyramid_L_j,VHF_renal_pelvis_L,0.009397635221391995
VHF_renal_pyramid_L_j,VHF_major_calyx_L_a,0.026408316730725388
VHF_renal_pyramid_L_j,VHF_renal_pyramid_L_i,0.006485127365115342
VHF_renal_pyramid_L_j,VHF_renal_column_L,-1
VHF_renal_pyramid_L_j,VHF_renal_pyramid_L_d,0.03136968742259763
VHF_renal_pyramid_L_j,VHF_major_calyx_L_c,0.009771719286857924
VHF_renal_pyramid_L_j,VHF_renal_pyramid_L_a,0.029292901057438706
VHF_renal_pyramid_L_f,VHF_renal_papilla_L_f,-1
VHF_renal_pyramid_L_f,VHF_minor_calyx_L_b,0.02342729719941237
VHF_renal_pyramid_L_f,VHF_renal_papilla_L_b,0.02545716856255553
VHF_renal_pyramid_L_f,VHF_renal_papilla_L_i,0.019998743790948473
VHF_renal_pyramid_L_f,VHF_renal_papilla_L_j,0.023647757300315604
VHF_renal_pyramid_L_f,VHF_ureter_L_a,0.016613717211718896
VHF_renal_pyramid_L_f,VHF_renal_papilla_L_c,0.02927131980007821
VHF_renal_pyramid_L_f,VHF_minor_calyx_L_i,0.01945932405530681
VHF_renal_pyramid_L_f,VHF_renal_pyramid_L_b,0.007754667776761004
VHF_renal_pyramid_L_f,VHF_renal_pelvis_L,0.011637806314310205
VHF_renal_pyramid_L_f,VHF_major_calyx_L_a,0.014891291815776928
VHF_renal_pyramid_L_f,VHF_renal_pyramid_L_i,0.006740783435698834
VHF_renal_pyramid_L_f,VHF_renal_column_L,-1
VHF_renal_pyramid_L_f,VHF_renal_pyramid_L_d,0.00965992791013591
VHF_renal_pyramid_L_f,VHF_major_calyx_L_c,0.004018415538360463
VHF_renal_pyramid_L_f,VHF_renal_pyramid_L_a,0.024716148104076116
VHF_renal_papilla_L_f,VHF_minor_calyx_L_b,0.03126830208984753
VHF_renal_papilla_L_f,VHF_renal_papilla_L_b,0.03445515437856631
VHF_renal_papilla_L_f,VHF_renal_papilla_L_i,0.019960924767426884
VHF_renal_papilla_L_f,VHF_renal_papilla_L_j,0.02340275107028841
VHF_renal_papilla_L_f,VHF_ureter_L_a,0.02426595519707642
VHF_renal_papilla_L_f,VHF_renal_papilla_L_c,0.032625282204965224
VHF_renal_papilla_L_f,VHF_minor_calyx_L_i,0.019085387911512396
VHF_renal_papilla_L_f,VHF_renal_pyramid_L_b,0.020746677628320644
VHF_renal_papilla_L_f,VHF_renal_pelvis_L,0.01302700417977686
VHF_renal_papilla_L_f,VHF_major_calyx_L_a,0.021384325281382878
VHF_renal_papilla_L_f,VHF_renal_pyramid_L_i,0.014243084811819412
VHF_renal_papilla_L_f,VHF_renal_column_L,-1
VHF_renal_papilla_L_f,VHF_renal_pyramid_L_d,0.018006118318131675
VHF_renal_papilla_L_f,VHF_major_calyx_L_c,0.0027655237816323506
VHF_renal_papilla_L_f,VHF_renal_pyramid_L_a,0.032793370545329555
VHF_minor_calyx_L_b,VHF_renal_papilla_L_b,0.0002766834963758282
VHF_minor_calyx_L_b,VHF_renal_papilla_L_i,0.05442108530844552
VHF_minor_calyx_L_b,VHF_renal_papilla_L_j,0.053921295804554806
VHF_minor_calyx_L_b,VHF_ureter_L_a,0.0418938980762364
VHF_minor_calyx_L_b,VHF_renal_papilla_L_c,0.0036755378909663185
VHF_minor_calyx_L_b,VHF_minor_calyx_L_i,0.05018788987280193
VHF_minor_calyx_L_b,VHF_renal_pyramid_L_b,0.00022945547693598882
VHF_minor_calyx_L_b,VHF_renal_pelvis_L,0.018872742694884974
VHF_minor_calyx_L_b,VHF_major_calyx_L_a,-1
VHF_minor_calyx_L_b,VHF_renal_pyramid_L_i,0.04740102822809542
VHF_minor_calyx_L_b,VHF_renal_column_L,-1
VHF_minor_calyx_L_b,VHF_renal_pyramid_L_d,0.006859274965007839
VHF_minor_calyx_L_b,VHF_major_calyx_L_c,0.03434400756249162
VHF_minor_calyx_L_b,VHF_renal_pyramid_L_a,0.0008850098542223242
VHF_renal_papilla_L_b,VHF_renal_papilla_L_i,0.05801047558657687
VHF_renal_papilla_L_b,VHF_renal_papilla_L_j,0.057877807743294055
VHF_renal_papilla_L_b,VHF_ureter_L_a,0.04591930733448809
VHF_renal_papilla_L_b,VHF_renal_papilla_L_c,0.00791567129638631
VHF_renal_papilla_L_b,VHF_minor_calyx_L_i,0.05398584810202152
VHF_renal_papilla_L_b,VHF_renal_pyramid_L_b,-1
VHF_renal_papilla_L_b,VHF_renal_pelvis_L,0.022980863729954833
VHF_renal_papilla_L_b,VHF_major_calyx_L_a,0.004015693360790661
VHF_renal_papilla_L_b,VHF_renal_pyramid_L_i,0.05048918912682155
VHF_renal_papilla_L_b,VHF_renal_column_L,-1
VHF_renal_papilla_L_b,VHF_renal_pyramid_L_d,0.010375647963762481
VHF_renal_papilla_L_b,VHF_major_calyx_L_c,0.03810363100868925
VHF_renal_papilla_L_b,VHF_renal_pyramid_L_a,0.0019209855871440567
VHF_renal_papilla_L_i,VHF_renal_papilla_L_j,0.005938250081565417
VHF_renal_papilla_L_i,VHF_ureter_L_a,0.02403092353921031
VHF_renal_papilla_L_i,VHF_renal_papilla_L_c,0.05488196160024745
VHF_renal_papilla_L_i,VHF_minor_calyx_L_i,0.002583627688513677
VHF_renal_papilla_L_i,VHF_renal_pyramid_L_b,0.045371235801880086
VHF_renal_papilla_L_i,VHF_renal_pelvis_L,0.016980035548311425
VHF_renal_papilla_L_i,VHF_major_calyx_L_a,0.03845893573822605
VHF_renal_papilla_L_i,VHF_renal_pyramid_L_i,-1
VHF_renal_papilla_L_i,VHF_renal_column_L,0.0018438964666118646
VHF_renal_papilla_L_i,VHF_renal_pyramid_L_d,0.03846024640710717
VHF_renal_papilla_L_i,VHF_major_calyx_L_c,0.013462178705925358
VHF_renal_papilla_L_i,VHF_renal_pyramid_L_a,0.04688881351626486
VHF_renal_papilla_L_j,VHF_ureter_L_a,0.022297888311694037
VHF_renal_papilla_L_j,VHF_renal_papilla_L_c,0.052537870364686
VHF_renal_papilla_L_j,VHF_minor_calyx_L_i,-1
VHF_renal_papilla_L_j,VHF_renal_pyramid_L_b,0.04787107809898939
VHF_renal_papilla_L_j,VHF_renal_pelvis_L,0.015693785478078558
VHF_renal_papilla_L_j,VHF_major_calyx_L_a,0.036570869351666806
VHF_renal_papilla_L_j,VHF_renal_pyramid_L_i,0.0070550092139396005
VHF_renal_papilla_L_j,VHF_renal_column_L,-1
VHF_renal_papilla_L_j,VHF_renal_pyramid_L_d,0.036874909399978006
VHF_renal_papilla_L_j,VHF_major_calyx_L_c,0.013524762948136744
VHF_renal_papilla_L_j,VHF_renal_pyramid_L_a,0.04240230557210669
VHF_ureter_L_a,VHF_renal_papilla_L_c,0.04553938220607539
VHF_ureter_L_a,VHF_minor_calyx_L_i,0.019819939756053492
VHF_ureter_L_a,VHF_renal_pyramid_L_b,0.033526458475339055
VHF_ureter_L_a,VHF_renal_pelvis_L,-1
VHF_ureter_L_a,VHF_major_calyx_L_a,0.02147429973236899
VHF_ureter_L_a,VHF_renal_pyramid_L_i,0.018893265958680055
VHF_ureter_L_a,VHF_renal_column_L,0.008853656664980994
VHF_ureter_L_a,VHF_renal_pyramid_L_d,0.03332759393816921
VHF_ureter_L_a,VHF_major_calyx_L_c,0.008922754334082555
VHF_ureter_L_a,VHF_renal_pyramid_L_a,0.023804191336741807
VHF_renal_papilla_L_c,VHF_minor_calyx_L_i,0.050005763838835024
VHF_renal_papilla_L_c,VHF_renal_pyramid_L_b,0.007543347476117606
VHF_renal_papilla_L_c,VHF_renal_pelvis_L,0.023468473464326792
VHF_renal_papilla_L_c,VHF_major_calyx_L_a,0.0072203615607827195
VHF_renal_papilla_L_c,VHF_renal_pyramid_L_i,0.05064510496365466
VHF_renal_papilla_L_c,VHF_renal_column_L,0.0004462382797671133
VHF_renal_papilla_L_c,VHF_renal_pyramid_L_d,0.0014442125766376416
VHF_renal_papilla_L_c,VHF_major_calyx_L_c,0.03563193271980978
VHF_renal_papilla_L_c,VHF_renal_pyramid_L_a,0.010073562210418363
VHF_minor_calyx_L_i,VHF_renal_pyramid_L_b,0.04314624679506673
VHF_minor_calyx_L_i,VHF_renal_pelvis_L,0.012313833582360675
VHF_minor_calyx_L_i,VHF_major_calyx_L_a,0.03336787799276235
VHF_minor_calyx_L_i,VHF_renal_pyramid_L_i,0.004788690872700921
VHF_minor_calyx_L_i,VHF_renal_column_L,-1
VHF_minor_calyx_L_i,VHF_renal_pyramid_L_d,0.0347768750895506
VHF_minor_calyx_L_i,VHF_major_calyx_L_c,0.008822995817326929
VHF_minor_calyx_L_i,VHF_renal_pyramid_L_a,0.04060027851815467
VHF_renal_pyramid_L_b,VHF_renal_pelvis_L,0.014944042290988528
VHF_renal_pyramid_L_b,VHF_major_calyx_L_a,0.004015693360790661
VHF_renal_pyramid_L_b,VHF_renal_pyramid_L_i,0.03428408069346624
VHF_renal_pyramid_L_b,VHF_renal_column_L,-1
VHF_renal_pyramid_L_b,VHF_renal_pyramid_L_d,0.009783209886065411
VHF_renal_pyramid_L_b,VHF_major_calyx_L_c,0.025966569499872576
VHF_renal_pyramid_L_b,VHF_renal_pyramid_L_a,0.0013776208100839719
VHF_renal_pelvis_L,VHF_major_calyx_L_a,-1
VHF_renal_pelvis_L,VHF_renal_pyramid_L_i,0.013946951916661385
VHF_renal_pelvis_L,VHF_renal_column_L,0.0034435266149729373
VHF_renal_pelvis_L,VHF_renal_pyramid_L_d,0.014260953692006256
VHF_renal_pelvis_L,VHF_major_calyx_L_c,-1
VHF_renal_pelvis_L,VHF_renal_pyramid_L_a,0.009214022990253019
VHF_major_calyx_L_a,VHF_renal_pyramid_L_i,0.03217041521746291
VHF_major_calyx_L_a,VHF_renal_column_L,0.0003121034649261755
VHF_major_calyx_L_a,VHF_renal_pyramid_L_d,0.0020863750258042044
VHF_major_calyx_L_a,VHF_major_calyx_L_c,0.01649931217838206
VHF_major_calyx_L_a,VHF_renal_pyramid_L_a,0.006782088413502491
VHF_renal_pyramid_L_i,VHF_renal_column_L,-1
VHF_renal_pyramid_L_i,VHF_renal_pyramid_L_d,0.035562998721878264
VHF_renal_pyramid_L_i,VHF_major_calyx_L_c,0.012015144560416849
VHF_renal_pyramid_L_i,VHF_renal_pyramid_L_a,0.04173253875396413
VHF_renal_column_L,VHF_renal_pyramid_L_d,-1
VHF_renal_column_L,VHF_major_calyx_L_c,0.0002691917024396902
VHF_renal_column_L,VHF_renal_pyramid_L_a,-1
VHF_renal_pyramid_L_d,VHF_major_calyx_L_c,0.021566026634580807
VHF_renal_pyramid_L_d,VHF_renal_pyramid_L_a,0.005945122812113285
VHF_major_calyx_L_c,VHF_renal_pyramid_L_a,0.025451429173807685
